#ID;TITLE;DISCOUNT PRICE;FULL PRICE;STARS
110600301;Экспедиция Жизни и Смерти Эксмо;93;144;4.9
193669622;Саймон Фейтер. Сердце титана Эксмо;95;3200;5.0
126711660;Телеметрия беглецов Эксмо;95;147;4.8
63376129;Уэллс. Горький ветер Эксмо;98;153;4.7
174050508;Саймон Фейтер. Могила Рона (#2) Эксмо;98;152;4.8
145794047;Билл — герой Галактики. Фантастическая с Азбука;102;634;4.9
75246920;Раубриттер II. Spero Эксмо;103;160;5.0
151445845;Колдун на завтрак Издательство Феникс;105;1490;4.9
120945780;Змеиное Море Эксмо;106;164;5.0
154676023;Колледж волшебства Пробуждение крови Фэнтези книги Издательство Феникс;106;1499;5.0
191987493;Смертный страж Книга 4. Храм Океанов Фантастика Издательство Феникс;107;1659;5.0
136600379;Испорченные сказания. Том 4. Шаг за рубеж Эксмо;107;166;4.9
165116275;Агент Космофлота. Подземелье ведьм Азбука;110;609;4.9
15108924;Граница Империи Эксмо;113;175;4.9
151445847;Оборотный город Издательство Феникс;114;1490;5.0
262245194;Солдаты звездного фронта ЯУЗА;118;223;5.0
200259319;Драконье лето (выпуск 1) Эксмо;118;183;4.9
119965367;Чужие игры Противостояние Эксмо;119;184;4.9
15327817;Пилот ракетоносца. Вижу цель Издательство АСТ;119;402;5.0
164447579;Башня Теней (#1) Эксмо;120;185;5.0
11247921;Возвращение морского дьявола Эксмо;123;190;4.9
196135550;Мареси (#1) Эксмо;124;191;4.9
195690109;Возвращение драконов (#2) Эксмо;124;191;5.0
60402199;Миры Бесконечности Эксмо;124;192;5.0
178845038;Восстание наследницы (#1) Эксмо;128;197;5.0
60643225;Последний шанс человечества Издательство АСТ;131;414;5.0
144339649;Туннель в небе. Есть скафандр — готов пу Азбука;134;609;4.9
164225218;Мифы Ктулху Рассказы Книги ужасы Издательство Феникс;140;1978;4.9
62019091;Дракон не дремлет Эксмо;141;218;4.9
49254469;Вечный. Черный легион Издательство АСТ;145;414;5.0
18096220;Рожденные в огне Издательство АСТ;148;522;5.0
70735191;Под стеклом Издательство АСТ;150;414;5.0
200523410;Саргассы в космосе. Чумной корабль Азбука;152;654;4.9
12534495;Легенда нубятника. Три данжа Издательство АСТ;153;845;5.0
134054248;Пираты Венеры Романы Фантастика Издательство Феникс;157;2418;4.9
166457022;Раубриттер II. Spero Эксмо;157;423;5.0
18894106;Второй курс Издательство АСТ;161;507;5.0
12529468;Гвардеец Его Величества Издательство АСТ;161;507;5.0
185538275;Смертный страж Книга 3. Воля смертных Фантастика Издательство Феникс;163;923;4.9
348235250;Тринадцатое дитя. Книги романы, книги фэнтези для взрослых CLEVER Издательство;166;850;5.0
184995887;Смертный страж Книга 2. Привратник Фантастика Издательство Феникс;170;995;5.0
192614377;Смертный страж-5. Путь Гекаты Фантастика Издательство Феникс;170;995;4.8
200705634;Проклятое наследство Эксмо;170;263;4.9
182520471;Смертный страж Книга 1. Белый Волк Фантастика Издательство Феникс;170;995;4.8
116527696;Ночная Земля Фантастика Хоррор Издательство Феникс;171;2418;4.9
95074450;Баронесса, которой не было Издательство АСТ;172;1155;5.0
3921527;Академия Издательство АСТ;177;273;5.0
239399550;Змеиная тайна Издательство Махаон;179;1620;4.9
240377391;Даха Тараторина. Йага. Книги романы, книги фэнтези CLEVER Издательство;180;1170;4.9
177128610;Повышение по службе Фантастика Издательство Феникс;183;1147;4.9
3279541;Рай беспощадный Эксмо;185;285;5.0
171359430;Адамант Хенны Кольцо тьмы Фэнтези Ник Перумов Издательство Феникс;187;2638;5.0
86544209;Эскалация Издательство АСТ;188;1155;4.8
251143137;Война в воздухе Издательство АСТ;190;532;5.0
123555795;Воровка с того света Эксмо;192;295;5.0
114527003;Хамелеонша Эксмо;192;295;4.9
16072243;Туманность Андромеды. Звездные корабли Издательство АСТ;193;607;5.0
170716473;Путешествие к центру Земли Издательство АСТ;195;428;4.9
17636258;Клан Издательство АСТ;195;1155;5.0
175071085;Шуруп Фантастика Издательство Феникс;196;1187;4.9
144363759;Королевство остывших морей Эксмо;199;307;5.0
118778552;Попаданка я и моя драконья семья Эксмо;199;307;4.9
140672544;Дорога проклятых кошек Эксмо;199;307;4.9
140104950;Любовь, ведьма и котики Эксмо;199;307;4.9
59677280;Мёртвая жизнь Эксмо;199;307;4.9
9325394;Война миров Издательство АСТ;202;1155;5.0
188747179;Первый шаг и в Издательство АСТ;202;1155;5.0
90990243;Империя Хоста. Барон Издательство АСТ;202;1155;5.0
12534493;Приход Теней Издательство АСТ;202;1155;5.0
12534502;Прыжок Мангуста Издательство АСТ;202;1155;5.0
8511442;Камешек в небе Эксмо;209;322;4.9
176868024;Третий олень для эльфа Эксмо;209;322;4.9
196720376;Рэйвенфолл. Гостиница с характером Эксмо;209;323;5.0
162473557;Отражение. Зеркало надежды Эксмо;209;322;4.9
123555807;Раубриттер III. Fidem Эксмо;209;322;5.0
18637580;Рассекреченное королевство. Книга вторая. Испытание Эксмо;209;322;5.0
52809049;Дикий Издательство АСТ;210;1155;5.0
2282424;Мы Издательство АСТ;213;469;4.9
164159919;Жемчужина дракона. Азиатское фэнтези, книги романы Издательство CLEVER;214;885;4.9
173307380;Земля! Визит родственников Издательство АСТ;216;1192;5.0
164447602;Скипетр Древних (выпуск 1) Эксмо;217;334;4.9
12802416;Искра зла Издательство АСТ;217;1155;5.0
135604942;Танец с Клинком Издательство АСТ;217;1155;5.0
208412431;Замок Ругна Фэнтези Фантастика Издательство Феникс;219;1121;5.0
206860792;Волшебный коридор Фэнтези Фантастика Издательство Феникс;220;1096;5.0
415383570;Мы все мертвы Фэнтези книги Dark fantasy Издательство Феникс;222;528;4.9
122049109;Экспедиция в преисподнюю Издательство АСТ;223;675;4.9
239450503;Супруги по (не)счастью Издательство АСТ;224;1192;5.0
236593174;Вперед в прошлое! Издательство АСТ;224;1192;5.0
169786418;Мститель Издательство АСТ;224;1192;5.0
105351989;Дикий. Забытая федерация Издательство АСТ;225;1155;5.0
208412430;Заклинание для Хамелеона Фэнтези Фантастика Издательство Феникс;225;1117;4.9
111517789;Лесная ведунья. Книга первая Эксмо;226;348;5.0
10068389;Чудовище и чудовища Эксмо;226;348;5.0
166129188;Поцелуй сильнее, чем смерть Эксмо;226;348;4.9
13614848;Мы вас построим Эксмо;226;348;5.0
2538289;Новый мир Эксмо;231;355;5.0
208412438;Призрачный клинок Том 1 Фэнтези Фантастика Издательство Феникс;232;1304;4.7
208412439;Призрачный клинок Том 2 Фэнтези Фантастика Издательство Феникс;232;1304;4.7
179800748;Академия Ранмарн Эксмо;233;359;5.0
47850368;Наследница молний Эксмо;233;359;5.0
112305973;Черный телефон Эксмо;234;360;4.8
168912249;Черное копье Кольцо тьмы Перумов Фэнтези Издательство Феникс;237;3078;4.9
208412437;Источник магии Фэнтези Фантастика Издательство Феникс;238;1216;5.0
155410683;Стреломант Издательство АСТ;240;1192;5.0
12802415;Альвари Издательство АСТ;240;1155;5.0
9516920;Пятый факультет. Академия Сиятельных Издательство АСТ;240;1155;5.0
265261693;Пути океана зов глубин.Молодежное фэнтези Издательство АСТ;242;1242;5.0
91564775;Изоморф. Наблюдатель Издательство АСТ;243;1068;5.0
5841366;Невозможное неумолимо Эксмо;243;374;4.8
2390217;Пуля для императора Издательство АСТ;243;1068;4.9
178686770;Земля мертвых. Боги войны Эксмо;243;374;4.9
18635181;Свалка потерянных душ Эксмо;245;378;5.0
160035078;Черничное королевство Издательство АСТ;245;1106;5.0
206032557;Железный Принц Том 1 Фантастика RealRPG Издательство Феникс;245;1185;5.0
132360096;Его адептка. Светлая для Темного Эксмо;246;379;4.9
140387493;Последняя война Азбука;246;634;4.9
2382425;Бесшабашный. Книга 2. Живые тени Азбука;246;1520;4.9
191980444;Дорога сильных. На пороге мира Издательство АСТ;247;1155;5.0
191517090;Самая большая луна. Испытание чувствами Издательство АСТ;249;1068;5.0
138920840;Золотая клетка Эксмо;250;385;5.0
42484695;Луна костяной волшебницы Эксмо;250;385;4.9
159826157;Рассвет костяной волшебницы Эксмо;250;385;5.0
16072257;Зов Ктулху Издательство АСТ;251;553;4.9
276049695;Эпоха Мертвых-3. Прорыв Эксмо;252;389;5.0
198219050;Черная кровь Книги фантастика Издательство Феникс;253;1361;5.0
208180310;Заклятие Истории о магах Рассказы и повести Фэнтези Издательство Феникс;254;1303;5.0
208180311;Звездный волк Истории о космосе Фантастика Издательство Феникс;254;1303;5.0
137054962;Трио неизвестности Эксмо;255;431;5.0
188500283;Печать Каина Издательство АСТ;255;1155;5.0
254183211;Черный смерч Книги фантастика Издательство Феникс;258;1184;4.9
15940349;Некрономикон. Книга запретных тайн Издательство АСТ;259;571;4.9
3329454;Зов Ктулху Издательство АСТ;259;571;4.9
286709385;Книга фэнтези Волшебная библиотека Брокколи МИФ;259;2191;5.0
152647168;Мерзкая семерка Эксмо;260;400;4.9
43213698;Последний астронавт Эксмо;260;400;4.9
206270431;Дракон из сумрака Эксмо;260;401;4.9
193962062;Год жнеца Эксмо;260;400;5.0
10118038;Война ангелов. Игнис Эксмо;260;400;5.0
172740504;Пламя в тумане Эксмо;260;400;4.9
121058277;Песня чудовищ Эксмо;260;400;4.9
300188488;Требуется муж, или Охота на темного магистра Эксмо;260;400;4.9
140822859;Час Быка Издательство АСТ;262;642;4.9
91253007;Факультет чудовищ. Кронпринц поневоле Издательство АСТ;262;1155;5.0
142507668;Звездный десант Азбука;263;675;4.9
188500281;Дарксфорд Издательство АСТ;266;1106;5.0
146669293;Правосудие королей Эксмо;267;412;4.9
171435818;Звёздные войны Расцвет Республики. Сближение Эксмо;267;412;4.9
161477938;Звёздные войны Расцвет Республики. Тропа обмана Эксмо;267;412;5.0
66525328;Глубина Эксмо;267;412;4.9
149996991;Звёздные войны Траун. Возрождение тьмы Эксмо;268;413;5.0
182998266;Пешка королевы (#2) Эксмо;268;413;5.0
273393929;1984. Романы классика, фэнтези, книги для подростков CLEVER Издательство;268;1560;4.9
200238844;Часы звёзд. Серебряная королева (#2) Эксмо;268;413;5.0
95989944;Коралина Издательство АСТ;269;591;4.9
200253646;Амулет ведьмы Эксмо;269;414;4.8
196216360;Первое правило дворянина Издательство АСТ;270;1155;4.9
164375357;Одиночество мага Ник Перумов Книги фантастика Издательство Феникс;271;3518;4.9
276696175;Опасная луна дракона Издательство АСТ;271;1193;4.8
213936610;Забытые богом Издательство АСТ;271;1193;5.0
152758083;Попаданка в Академии фей. Неудачница Издательство АСТ;271;1193;5.0
175071086;Эпидемия Фантастика Издательство Феникс;272;1530;4.9
175071084;Майская ночь, или Утопленницы Фантастика Издательство Феникс;272;1530;5.0
273347978;Изгои академии Даркстоун Эксмо;276;425;5.0
152196043;Семь грехов Эксмо;278;428;4.9
150296959;Билет в одну сторону Издательство АСТ;278;1155;5.0
200247602;Укради мою любовь Эксмо;279;430;5.0
246138406;Перекрёсток Издательство АСТ;280;1106;4.8
70692205;Звездная пирамида Издательство АСТ;283;1242;5.0
10639927;"Отель ""У погибшего альпиниста"" Издательство АСТ";284;625;5.0
2789267;День триффидов Издательство АСТ;284;625;4.9
13424555;Закон Шухарта Издательство АСТ;284;1367;5.0
175894929;Кровь завоевателя Эксмо;285;438;5.0
178133131;Мир проклятий и демонов (#2) Эксмо;285;439;4.9
6175569;Лабиринт смерти Эксмо;285;439;5.0
180066790;Орден Крона. Армия свободы Эксмо;285;438;5.0
2476202;Война миров. Первые люди на Луне Издательство АСТ;292;642;5.0
12534497;Союз нерушимый Издательство АСТ;293;1155;5.0
17368441;Чужой мир Издательство АСТ;293;1155;4.9
200242296;Ночь масок и ножей (#4) Эксмо;294;454;5.0
189257318;Песнь серебра, пламя, подобное ночи (#1) Эксмо;294;454;4.9
201631423;Амброзия (#2) Эксмо;294;454;4.9
208395527;Королева у власти (#2) Эксмо;294;454;4.9
139760458;Лорд Хаоса (#2) Эксмо;294;454;5.0
2260520;Трудно быть богом Издательство АСТ;294;647;4.9
2374338;Пикник на обочине Издательство АСТ;294;647;5.0
9604441;Волшебник Земноморья Азбука;294;752;4.9
12534373;Межзвездный экспресс Издательство АСТ;294;1329;4.9
31996289;Иржина. Случайное не случайно Эксмо;298;460;5.0
171755788;Элирм. Двадцать первые. книга 1 Издательство АСТ;299;1280;4.9
118841469;Охота на горностая. Зеленый гамбит. Поцелуй Уробороса Эксмо;301;464;5.0
179403372;Тропа до звезд Издательство АСТ;302;1193;4.9
147663057;Странник Издательство АСТ;302;1367;5.0
160891614;Космолетчики. Близкие звезды Издательство АСТ;302;1193;5.0
160891621;Врата на Изнанку Издательство АСТ;302;1193;4.6
166948469;Альтер эво Издательство АСТ;302;1367;5.0
2215834;Пещера Эксмо;305;470;5.0
2167629;Солярис Издательство АСТ;309;679;5.0
28901812;Дракон не спит никогда Азбука;309;1762;4.9
188463205;Ведьмина поляна-2 Эксмо;309;476;5.0
143288387;Экзотеррика Тьмир Эксмо;310;478;4.9
140105649;Наследие великанов. Красная угроза. Порченная кровь Эксмо;311;479;5.0
451304079;Случайная фантастика или фэнтези — букинистический сюрприз Книжный Сюрприз от Книгоеда;311;490;4.4
492433654;Случайный фантастический боевик — букинистический сюрприз Книжный Сюрприз от Книгоеда;311;490;5.0
492455151;Случайная русская фантастика фэнтези — букинистика Книжный Сюрприз от Книгоеда;311;490;3.8
527010464;Случайная фэнтези книга — букинистический сюрприз Книжный Сюрприз от Книгоеда;311;490;3.2
175483006;Университет Специальных Чар. Большие планы маэстрины Эксмо;311;479;5.0
11608719;Кукушка Эксмо;314;483;4.8
189680274;Пепел и перо Эксмо;315;485;5.0
178659867;Элирм. Вне времени. книга 2 Издательство АСТ;316;1280;5.0
189976845;Гиртам. Эволюция Издательство АСТ;316;1280;5.0
221843037;Измена. Наследник для дракона Издательство АСТ;316;1280;4.9
245566294;Аврия. Третий курс Издательство АСТ;317;1192;4.9
228755257;Последний Словотворец. Кровь Первых Издательство АСТ;318;1193;5.0
182819795;Кобра. Аска из клана змей Издательство АСТ;318;1193;4.9
149430108;Воин забвения. Гранитный чертог Издательство АСТ;318;1193;5.0
63773310;Голос монстра (легендарная экранизация) Эксмо;320;493;5.0
75855002;Звёздные войны Расцвет Республики. Начало шторма Эксмо;320;493;5.0
202520917;Разрушительница проклятий Издательство АСТ;320;1329;5.0
196141788;Месть Солнцу-2. Миссия невыполнима Эксмо;320;493;4.9
258355634;Техносфера Фантастика Издательство Феникс;321;764;5.0
144362619;Клан теней (#1) Эксмо;322;496;5.0
8334728;Шестое вымирание Эксмо;322;496;5.0
245553212;Репликант Книга фантастика Издательство Феникс;323;791;5.0
143076661;Латунный город Эксмо;326;501;4.9
9325554;Хозяин Замка Бури Издательство АСТ;330;1155;5.0
12845701;Война Издательство АСТ;330;1155;5.0
25751709;Древний. Час воздаяния Издательство АСТ;331;1541;5.0
184161255;2121 Издательство АСТ;332;981;4.9
12529383;Война миров 2. Гибель человечества Издательство АСТ;332;1503;5.0
172748483;Первый феникс Издательство АСТ;333;1280;4.8
142656247;Дурак космического масштаба Издательство АСТ;333;1192;5.0
258355632;До последнего серва Фантастика Издательство Феникс;340;764;5.0
200604979;Властитель ледяного сердца Издательство АСТ;341;1192;5.0
23453103;Древний. Вторжение Издательство АСТ;341;1541;4.9
51754859;Древний. Предыстория. Книга девятая Издательство АСТ;341;1541;4.9
206007953;Северный дракон Издательство АСТ;341;1192;5.0
171755777;Солдаты третьей мировой Издательство АСТ;341;1192;5.0
152196035;Искушение наставника Эксмо;342;525;4.9
236455350;Золотые яблоки Солнца Эксмо;343;528;4.9
250593463;Охота на гусара Книги фэнтези Издательство Феникс;343;758;4.9
266371990;Наследие драконов.Азиатское фэнтези Издательство АСТ;345;1329;4.8
250593477;Колесо судьбы Книги фэнтези Издательство Феникс;345;858;5.0
311475000;Первый дракон Эксмо;347;535;5.0
132773953;Волшебная экспресс-доставка. Получатель с глубин Издательство АСТ;350;1541;4.9
216349908;Любимая адептка его величества. Книга 2 Эксмо;351;541;5.0
160736129;Вода в решете. Апокриф колдуньи Издательство АСТ;351;1590;4.9
28358467;Фэнтези. Круэлла Эксмо;352;542;4.9
33644541;Ворриор и Пиас. Гнев богов (#2) Эксмо;353;544;5.0
12027771;Самое сильное заклятье Эксмо;353;543;5.0
167740625;Песнь Отмеченной (#1) Эксмо;356;548;4.9
196130296;Министерство мертвых. Невозможная принцесса Эксмо;357;550;5.0
9525413;Жажда Власти 2 Издательство АСТ;360;1541;5.0
228638656;Убийство Ледяного Короля Эксмо;361;555;5.0
249233028;Огромный. Злой. Зеленый Эксмо;361;556;4.9
7562693;Алмазный век Эксмо;362;557;5.0
232762221;Любимая адептка его величества. Книга 3 Эксмо;364;560;5.0
228639475;Месть магов (#3) Эксмо;365;562;4.9
461799241;Ледяная колыбель (Павшая луна #2) Эксмо;366;563;4.9
9325545;Последний из рода Корто Издательство АСТ;368;1155;5.0
198219052;Манящая корона. Фантастика Издательство Феникс;369;1482;4.9
322180334;Дракула. Брэм Стокер. Книги романы, книги классика, фэнтези CLEVER Издательство;370;1560;4.9
122291108;Легенда о Великой волне Издательство АСТ;370;1628;4.9
216992096;Развод по-драконьи Эксмо;372;572;4.8
415381952;Сверхкомплектные звенья Книги фантастика Издательство Феникс;375;1622;5.0
197229373;Дом железных воронов (#1) Эксмо;377;579;5.0
164597594;Серафим (#2) Эксмо;377;579;5.0
198219054;Первый советник короля. Фантастика Издательство Феникс;377;1247;5.0
242507735;Охота на попаданку Бракованная жена Фэнтези книги Издательство Феникс;378;923;4.9
29608922;Королева Солнца Азбука;379;1819;5.0
167672572;Боец с планеты Земля Издательство АСТ;380;1192;5.0
7495858;Фэнтези. Ночные тетради Эксмо;382;587;4.9
12529487;Поллукс Издательство АСТ;383;1155;5.0
96183386;Семья Издательство АСТ;383;1155;5.0
185686901;"Проект ""Аве Мария"" Издательство АСТ";385;845;4.9
175894937;Эхо Миштар. Вершины и пропасти Эксмо;385;591;5.0
201637138;Золотые земли. Совиная башня Эксмо;385;592;4.9
1933102;Книга Зерцалия. 6. Пантеон Фантастика и фэнтези для детей РОСМЭН;385;764;5.0
179894600;Колледж волшебства Власть памяти Фэнтези книги Издательство Феникс;387;946;4.9
120774440;Фэнтези. Книга Ночи (#1) Эксмо;387;595;4.9
346304951;Проводник Издательство АСТ;388;1193;5.0
379387163;Чудовищnet Эксмо;389;598;5.0
165151668;Звёздные войны Тень ситхов Эксмо;390;599;4.9
108766287;Пылающий бог Эксмо;391;600;5.0
262935552;Ковен избранных Эксмо;392;602;5.0
234241746;Фейри-убийца (#2) Эксмо;392;602;5.0
205518784;Академия Горгулий. Тайна ректора Эксмо;392;602;4.9
156124585;Звёздные войны Траун. Последний приказ Эксмо;392;602;4.9
459985601;Дверь во тьме Эксмо;392;602;5.0
264612579;Поймать Бевиса Броза! Эксмо;392;602;5.0
40501837;Звёздные войны Расцвет Республики. Свет джедаев Эксмо;392;602;5.0
370772039;Семь предсказаний Вероники Эксмо;392;602;4.9
163270009;Звёздные войны Сокол тысячелетия Эксмо;392;602;4.9
177689824;Серебряная река Эксмо;392;602;5.0
36618889;Вселенная Анимант Крамб. Лондонские хроники (#2) Эксмо;392;602;4.9
475646180;Ловец кошмаров Эксмо;392;602;5.0
54336844;Звёздные войны Расцвет Республики. Во тьму Эксмо;392;602;5.0
176065026;Хранительница болот Эксмо;392;602;5.0
246775183;Книга фэнтези Дочь Лунной богини МИФ;392;2643;5.0
180516331;Кодекс Алеры. Книга 1. Фурии Кальдерона Азбука;393;2159;4.9
197228992;Пятый мир Эксмо;395;608;4.9
4895470;Дозор навсегда. Лучшая фантастика Издательство АСТ;395;1242;5.0
95577911;Дюна Издательство АСТ;397;874;4.9
141124095;Убежище (#2) Эксмо;398;613;5.0
9325421;Звездный попаданец Издательство АСТ;398;1155;5.0
368774081;Хозяйка ворон и железный доктор Эксмо;405;624;5.0
214877631;Старплекс Эксмо;405;624;5.0
230794395;Звездокрыл Маргарита Блинова Фэнтези книга Эксмо;407;626;5.0
218632394;Таэ эккейр! Эксмо;407;626;4.9
401772829;Альма Френг и солнцеловы.Молодежная литература Издательство АСТ;408;1280;5.0
463423398;Хозяин гиблого места Эксмо;409;630;5.0
17636236;Отрок. Перелом Издательство АСТ;410;2175;5.0
343094660;Пушистая катастрофа Огинская Купава Фантастика Эксмо;413;635;4.9
2350238;Таня Гроттер и Исчезающий Этаж (#2) Эксмо;414;637;5.0
26477124;Иржина. Всё не так, как кажется Эксмо;416;640;5.0
162683015;Проблема с миром Эксмо;417;642;4.8
229231701;Сто лет тому вперед Издательство АСТ;424;932;5.0
196491938;Кочующий портал Издательство АСТ;424;932;4.9
168567140;Башня Зеленого Ангела. Том 1 Эксмо;426;655;4.9
255307667;Крикса Эксмо;432;664;4.9
343094064;Фейри-убийца (#2) Эксмо;432;664;5.0
150677092;Немного ненависти Эксмо;436;670;4.9
231024057;Некромант-одиночка. Новелла. Том 2 Эксмо;448;690;5.0
333121945;Дочь глубин Эксмо;454;698;5.0
45717301;Фэнтези. Перси Джексон и похититель молний Эксмо;460;707;5.0
287685054;Наваждение генерала драконов Эксмо;462;711;5.0
275463847;Даха Тараторина. Аир. Хозяин болота. Книги романы, фэнтези Издательство CLEVER;463;1500;4.9
520731353;Пегас, лев и кентавр (#1) Эксмо;464;714;5.0
256593675;Лезвие бритвы Эксмо;464;713;5.0
232768300;Дым и железо Эксмо;465;715;5.0
5939348;Красная страна Эксмо;467;718;5.0
102329464;Создавая драконов Эксмо;467;718;4.9
125960961;Таня Гроттер и Золотая Пиявка (#3) Эксмо;479;736;5.0
248035932;Избранница теней (#1) Эксмо;482;740;5.0
172065722;Последний король драконов (#1) Эксмо;485;745;5.0
370773704;Холод туманного замка Эксмо;486;746;5.0
506012114;Любимая помощница инквизитора Эксмо;490;753;5.0
451837091;Лисьи чары, или Легенды об оборотнях Эксмо;491;755;5.0
280325447;Шаровая молния Эксмо;491;755;4.8
325760177;Высшая каста Эксмо;492;757;5.0
41266770;Город акул (#3) Эксмо;497;765;5.0
506028273;Кромешник и его светлое чудо Эксмо;497;765;4.9
119132807;Прелюдия к Академии Эксмо;499;767;5.0
261060016;Шалости богини зимы Эксмо;501;770;5.0
449579537;Темный феникс Эксмо;501;771;5.0
225247592;Книги фэнтези. Защитники драконов. Питбуль возвращается Издательство АСТ;503;1106;5.0
237117557;Книги фэнтези. Защитники драконов. Незнакомое место Издательство АСТ;503;1106;5.0
313112332;Полуночный охотник Эксмо;508;781;4.9
5789949;Академия Эксмо;515;792;5.0
395627395;Шёпот Морены Эксмо;515;792;4.9
12611542;Фэнтези. Ангельская сага. Гнев ангелов (#2) Эксмо;517;794;5.0
206272073;Мальн. Наследие древних (#2) Эксмо;517;794;5.0
123556265;Ядовитый друг (#7) Эксмо;522;803;5.0
417098633;Небовзор Маргарита Блинова Фэнтези книга Эксмо;524;805;4.9
200778525;Плюшевая голова Эксмо;525;807;5.0
176680354;Звёздный свет (#3) Эксмо;535;822;5.0
10229122;Дом соли и печали. Книги романы, фэнтези, для подростков Издательство CLEVER;543;965;4.9
230652897;Поцелуй смерти Издательство АСТ;543;1193;4.9
271436849;Прикосновение смерти Издательство АСТ;543;1193;4.9
181385269;Кристофер Клин и два короля. Дополненное переиздание Издательство АСТ;543;1193;5.0
307748445;Волшебница по привычке Эксмо;543;835;5.0
466303575;Дипломированная нечисть Эксмо;543;835;4.9
467007672;Кащеево царство. Преступление Эксмо;543;836;5.0
288345534;Школа стихий. Фэнтези для подростков Эксмо;544;837;4.8
2719316;Сильмариллион Издательство АСТ;544;1195;4.9
529567297;Пепел феникса Эксмо;549;844;5.0
496439192;По ту сторону стены Фэнтези книги Издательство Феникс;554;2173;5.0
330533348;Искуситель Издательство АСТ;562;1234;4.8
234546986;Эпоха Мертвых-3. Прорыв Эксмо;563;866;5.0
307751107;Темное заклинание для лорда Эксмо;566;870;5.0
292437691;Технопат Маргарита Блинова Фэнтези книга Эксмо;566;870;5.0
498770113;Ночная охота Эксмо;567;871;5.0
120584202;Республика Дракон Эксмо;567;872;5.0
8121467;Танец с драконами. Грезы и пыль Издательство АСТ;569;1367;5.0
235851807;Трон змей (#3) Эксмо;577;887;4.7
284412219;Легенды Эоса. Украденная душа Эксмо;583;896;5.0
3273249;Драконья сага. Потерянная принцесса Издательство АСТ;583;1280;5.0
9516847;Драконья сага. Трёхлунная ночь Издательство АСТ;583;1280;5.0
4344716;Драконья сага. Мрачная тайна Издательство АСТ;583;1280;5.0
11901081;Драконья сага. Восхождение Луны Издательство АСТ;583;1280;5.0
12066086;Затерянный мир Издательство АСТ;583;1280;4.9
9516881;Драконья сага. Сердце Холода Издательство АСТ;583;1280;5.0
2990232;Драконья сага. Пророчество о драконятах Издательство АСТ;583;1280;5.0
3832102;Драконья сага. Скрытое королевство Издательство АСТ;583;1280;5.0
221464658;Паучье княжество Эксмо;591;909;5.0
8468790;Крах и восход Издательство АСТ;605;1329;5.0
175808357;Скандар. Похититель единорогов (#1) Эксмо;606;931;4.9
520734663;Варяг. Архонт Росский Эксмо;609;936;4.9
38122970;Закон Черного сталкера Издательство АСТ;623;1367;4.9
451159848;Тени богов Пороки. Фэнтези Эксмо;623;957;5.0
255305433;Агент тьмы (#3). Фэнтезийный детектив-триллер Эксмо;623;957;5.0
467009770;Смотрительница замка Грабон Эксмо;623;957;5.0
2281022;Танец с драконами Искры над пеплом Издательство АСТ;623;1367;5.0
109775828;На пути к Академии Эксмо;623;957;4.9
120952709;Высшая академия фэнтези Эксмо;638;981;4.9
180523794;Книга сокровищ – сборник рассказов русского фэнтези, 16+ Снежный Ком М;640;1200;4.8
218056540;Этюд багровых вод Эксмо;646;993;4.9
214192333;Ледяная колыбель Эксмо;646;993;4.9
367375350;Дом некромантов (#2) Эксмо;662;1018;5.0
8162176;Шестерка воронов Издательство АСТ;662;1454;4.9
167190064;Клуб Романтики. Секрет небес. Яблоко Раздора Издательство АСТ;662;1454;4.9
137567115;Убить некроманта Эксмо;676;1038;4.9
8121466;Пир стервятников Издательство АСТ;685;1503;5.0
178343453;Золотые анклавы Эксмо;686;1053;4.9
8230381;Продажное королевство Издательство АСТ;686;1504;5.0
59363158;"Проект ""Аве Мария"" Издательство АСТ";686;1504;4.9
9516904;Игра престолов Издательство АСТ;702;1541;4.9
8121465;Битва королей Издательство АСТ;702;1541;4.9
9516892;Буря мечей Издательство АСТ;702;1541;4.9
347336754;Мефодий Буслаев. Огненные врата. Книга Семи Дорог (#15, 16) Эксмо;711;1093;5.0
262936371;Плата за мир. Сокровище Змея Эксмо;725;1114;4.9
235443365;Самая страшная книга. Заступа Все оттенки падали Издательство АСТ;741;1628;4.9
425202851;Самая страшная книга. Знаток Узы Пекла Издательство АСТ;741;1628;5.0
155793989;Королевская кровь. Проклятый трон. Связанные судьбы Эксмо;756;1162;5.0
9516849;Орудия смерти. Город праха книга 2 Издательство АСТ;764;1677;5.0
312611505;Самая страшная книга. Заступа Чернее черного Издательство АСТ;767;1684;5.0
253176920;Поиски утраченного завтра Издательство АСТ;767;1684;5.0
346305362;Черный ксеноархеолог Издательство АСТ;786;1727;4.9
208423701;Хроники Сиалы. Крадущийся в тени. Том 1 Alpaca;801;1500;4.9
294417471;Битва за Лукоморье. Книга 3 Эксмо;814;1250;5.0
459983950;Твоя далекая звезда Эксмо;855;1314;5.0
490315177;Испивший тьмы Эксмо;924;1419;4.9
6953104;Хоббит Издательство АСТ;945;2075;5.0
447028860;Ересь Хоруса. Расплата Хтонии Warhammer;980;1650;5.0
80085303;Дозоры Последний Дозор. Новый Дозор. Шестой Дозор Издательство АСТ;991;2175;4.9
51217313;Дозоры Ночной Дозор. Дневной Дозор. Сумеречный Дозор Издательство АСТ;991;2175;4.9
256025463;Этюды черни. Раша. Комплект из 2-х книг Издательство АСТ;997;2597;5.0
303699314;Академия черного дракона Эксмо;1042;1601;5.0
307438907;Империя проклятых Издательство АСТ;1078;2365;4.9
481366709;Вскрытие и другие истории Издательство АСТ;1087;2386;5.0
367403316;Трон секретов Издательство АСТ;1087;2386;5.0
295793799;Бессердечный охотник. Подарочное издание Издательство АСТ;1087;2386;5.0
186749199;Ребекка Яррос. Четвертое крыло. Фэнтези (черный обрез) O2 Young adult книги;1092;1985;4.9
446122805;Академия магического права Издательство АСТ;1138;2498;5.0
312610528;Продажное королевство. Подарочное издание Издательство АСТ;1177;2584;4.9
144778705;Шестерка воронов. Подарочное издание Издательство АСТ;1229;2697;4.9
370226613;Библиотека Остролиста. Подарочное издание Издательство АСТ;1229;2697;4.9
123555806;Академия и Земля Эксмо;1236;1899;5.0
289446889;Ради блага человечества Эксмо;1306;2006;5.0
374007198;Хребты безумия. Подарочное издание Издательство АСТ;1315;2883;5.0
208743800;Путеводитель по миру Тейвата. Фанбук Издательство АСТ;1413;3442;4.9
227452186;Дизайн фэнтези-персонажей техники иллюстрации. Туториалы ПИТЕР;1516;2552;5.0
203180486;Американские боги. Подарочное издание Издательство АСТ;1569;3442;5.0
463416085;Сквозь войну и руины Эксмо;1910;2932;5.0
84797935;Дом драконов Издательство АСТ;1995;4374;4.9
463429740;Комплект Последний страж из 4-х книг Эксмо;2164;3323;5.0
